obsid,fitsname,R_mean,R_mean_err,V_mean,V_mean_err,H_mean_tri,H_mean_tri_err,K_mean_tri,K_mean_tri_err,S_tri,S_tri_err,S_MWL,S_MWL_err,H_mean_rec,H_mean_rec_err,K_mean_rec,K_mean_rec_err,S_rec,S_rec_err
54904030,spec-56199-EG000313N173308V_1_sp04-030.fits,15107.477766,36.889631,10670.361253,36.660809,3021.309715,69.519426,2571.584806,69.114994,0.216965,0.003829,0.170274,0.003005,2970.564253,88.734618,2537.086620,87.997204,0.213658,0.004867
